,Unnamed: 0.1,Unnamed: 0,Date,Open,High,Low,Close,Adj Close,Volume,Volatility,mr,Daily Return,list,combina-Open,combina-High,combina-Low,combina-Close,combina-Adj_Close,combina-Volume,beta,future-MD,future-Volatility,change,z_future-Volatility,z_change,z_beta,z_future-MD,scaled_future-Volatility,scaled_change,scaled_beta,scaled_future-MD,risk,label-risk
0,345,345,2014-01-21,55.98,56.009998,55.509998,55.73,44.455856,1554500,0.0056092339311752,0.490002000000004,0.0014375201639704,"['tweedy browne buys hsbc holdings ; reduces google , union pacific URL $hsbc $goog $unp $tot $unf $luk $bk']","[55.98, 55.860001]","[56.009998, 55.93]","[55.509998, 55.599998]","[55.73, 55.650002]","[44.455856, 44.392036]","[1554500, 3629300]",1.3485011813650936,0.0596844504906966,0.0124512350562334,7.468333824737529e-05,0.5316726860983478,-0.853581579577647,0.3014527741910875,1.9368574222766803,0.2435887481127882,0.0012912396710346,0.6497905477117343,0.3968409347215282,0.3228778675542713,1.0
1,346,346,2014-01-22,55.84,55.849998,55.560001,55.75,44.471798,1160500,0.0049138445285938,0.490002000000004,0.0003588731383457,"['tweedy browne buys hsbc holdings ; reduces google , union pacific URL $hsbc $goog $unp $tot $unf $luk $bk']","[55.84, 55.98]","[55.849998, 56.009998]","[55.560001, 55.509998]","[55.75, 55.73]","[44.471798, 44.455856]","[1160500, 1554500]",1.3164166086400153,0.0610746014273444,0.0115723034351823,1.3905283670281964e-05,0.3643374707315123,-0.8653601618014256,0.2715321403529721,2.016748026458289,0.2247452624789709,0.0001634421660681,0.64730341620869,0.4063286570345804,0.3196351944720774,1.0
2,350,350,2014-01-28,52.939999,53.09,52.689999,52.830002,42.142525,935200,0.0126855531733288,3.139999000000003,0.0041817334312539,['rt AT_USER interesting stuff on em risk ; $hsbc from AT_USER + aud from AT_USER URL URL'],"[52.939999, 52.98]","[53.09, 53.200001]","[52.689999, 52.439999]","[52.830002, 52.610001]","[42.142525, 41.967026]","[935200, 1461000]",1.0445194239724604,0.0330039933993674,0.0146306996422067,0.0028652348787312,0.9466096017165314,-0.3127820920325336,0.0179730179123749,0.4035578497801011,0.2903144644615618,0.0530727105775429,0.6262264936836435,0.2147479249665953,0.2960903984223358,1.0
3,351,351,2014-01-29,51.689999,52.169998,51.599998,51.740002,41.273026,1873200,0.013107697172318,3.160000000000004,-0.020632215762551,['rt AT_USER interesting stuff on em risk ; $hsbc from AT_USER + aud from AT_USER URL URL'],"[51.689999, 52.939999]","[52.169998, 53.09]","[51.599998, 52.689999]","[51.740002, 52.830002]","[41.273026, 42.142525]","[1873200, 935200]",0.9539402378134784,0.0330039933993674,0.0126191178621153,0.0044184464748901,0.5636350194651243,-0.0117749172622637,-0.0664970694919379,0.4035578497801011,0.2471880010751715,0.0818941030196294,0.6192049774756367,0.2147479249665953,0.2907587516342582,1.0
4,354,354,2014-02-03,51.459999,51.509998,50.509998,50.599998,40.36364,2066700,0.0122838547224572,2.230004000000001,-0.0172849867047975,"['for $hsbc to be a fat finger , a trader would have watch the mayhem and not react and cancel it for * 25 * seconds !']","[51.459999, 51.32]","[51.509998, 51.939999]","[50.509998, 51.27]","[50.599998, 51.490002]","[40.36364, 41.073597]","[2066700, 1170300]",0.8684678860131444,0.0125195424984261,0.0076436094596708,0.0036615318953885,-0.3836261213809463,-0.1584624128241336,-0.1462047521659057,-0.7736633538044476,0.1405176767212938,0.0678487970259696,0.6125793327889077,0.0749423997103666,0.2239720515616344,1.0
5,355,355,2014-02-04,51.139999,51.360001,51.02,51.290001,40.914066,1414100,0.0141271244960703,1.6700020000000038,0.0136364234638901,"['a list of futures contracts impacted by $hsbc last week URL', 'for $hsbc to be a fat finger , a trader would have watch the mayhem and not react and cancel it for * 25 * seconds !']","[51.139999, 51.459999]","[51.360001, 51.509998]","[51.02, 50.509998]","[51.290001, 50.599998]","[40.914066, 40.36364]","[1414100, 2066700]",1.098618934778461,0.0250391828059308,0.0095299190774362,0.0014696625921239,-0.0245014539126957,-0.5832392996777778,0.0684237958459795,-0.0541719648227173,0.1809584201556767,0.0271764729669822,0.6304201788786379,0.1603884239984434,0.249735873999935,1.0
6,356,356,2014-02-05,51.07,51.299999,51.02,51.119999,40.778454,1107300,0.0122556899386895,1.6700020000000038,-0.0033145251839631,['a list of futures contracts impacted by $hsbc last week URL'],"[51.07, 51.139999]","[51.299999, 51.360001]","[51.02, 51.02]","[51.119999, 51.290001]","[40.778454, 40.914066]","[1107300, 1414100]",0.6075170143757184,0.0295835144105972,0.0088272212614522,2.3321255366609128e-05,-0.158284432655534,-0.8635353782078461,-0.3895558339117337,0.206986293555927,0.1658932252266624,0.0003381649251272,0.5923509464190002,0.1914032981584177,0.2374964086823019,1.0
7,358,358,2014-02-07,51.59,51.900002,51.34,51.759998,41.288979,1551200,0.006214342691015,1.1600000000000037,0.0038789176904787,['lloyds shocks as payment-protection insurance nears £ 10bn URL $lyg $bcs $hsbc $rbs'],"[51.59, 51.23]","[51.900002, 51.75]","[51.34, 51.189999]","[51.759998, 51.560001]","[41.288979, 41.12944]","[1551200, 1498000]",1.490707603820035,0.0402880490407152,0.0088378395665808,0.0003107606432557,-0.1562628688239811,-0.8078305931803853,0.4340681071787354,0.822165348245693,0.1661208719233497,0.0056718898484744,0.6608141033705085,0.2644613017057994,0.274267041712033,1.0
8,359,359,2014-02-10,51.34,51.490002,51.240002,51.380001,40.985851,1902800,0.0061844599041827,0.6399990000000031,-0.0073415188308161,['lloyds shocks as payment-protection insurance nears £ 10bn URL $lyg $bcs $hsbc $rbs'],"[51.34, 51.59]","[51.490002, 51.900002]","[51.240002, 51.34]","[51.380001, 51.759998]","[40.985851, 41.288979]","[1902800, 1551200]",0.3002375010983664,0.0416030518472117,0.0070978670416681,0.0027140650413013,-0.4875271790560462,-0.3420782972551735,-0.6761109294558196,0.8977372634543027,0.1288174611788145,0.0502676032626424,0.5685312569919122,0.2734361411566928,0.2552631156475155,1.0
9,371,371,2014-02-27,52.740002,53.310001,52.669998,53.27,42.493511,1194000,0.0156594122069581,2.040001000000004,0.0187416137169322,"[""can you trust $hsbc's 5 % dividend yield or should you look elsewhere ? URL""]","[52.740002, 52.349998]","[53.310001, 52.529999]","[52.669998, 52.130001]","[53.27, 52.290001]","[42.493511, 41.711769]","[1194000, 1531000]",0.9953316418754248,0.0114854130365463,0.0092286918157806,0.0041655314341305,-0.0818505439855074,-0.0607890001240082,-0.0278973020711623,-0.8330937547296897,0.1745003846935626,0.0772010118385789,0.6224135558126401,0.0678845091522945,0.235499865374269,1.0
10,372,372,2014-02-28,52.959999,53.169998,52.630001,52.790001,42.110619,1514600,0.0120085505530158,0.9799990000000064,-0.0090106814342032,"[""can you trust $hsbc's 5 % dividend yield or should you look elsewhere ? URL""]","[52.959999, 52.740002]","[53.169998, 53.310001]","[52.630001, 52.669998]","[52.790001, 53.27]","[42.110619, 42.493511]","[1514600, 1194000]",1.0336066913184256,0.0114854130365463,0.0090383879212547,0.0065247222257739,-0.1180815116887251,0.3964142274933876,0.0077962927705934,-0.8330937547296897,0.1704204442105135,0.1209781532273398,0.6253805606116741,0.0678845091522945,0.2461659168004555,1.0
11,378,378,2014-03-10,51.630001,51.779999,51.32,51.610001,41.169319,2396000,0.0071168213567336,1.2299990000000065,-0.0122487846889952,"[""$hsbc who's sending the bill for your mortgage ? it might be a hedge fund URL""]","[51.630001, 52.380001]","[51.779999, 52.41]","[51.32, 51.939999]","[51.610001, 52.25]","[41.169319, 41.679852]","[2396000, 2144500]",0.1552092000655436,0.0322969120279604,0.0093770075202335,0.0065795700503388,-0.0536134891879681,0.4070435511189673,-0.8113578198710164,0.3629225802722564,0.1776801369964613,0.1219959093915927,0.5572889549851981,0.2099221240209664,0.2667217813485547,1.0
12,379,379,2014-03-11,51.580002,51.650002,51.330002,51.459999,41.049671,1722700,0.0068085343785269,1.1900029999999973,-0.0029064521816225,"[""$hsbc who's sending the bill for your mortgage ? it might be a hedge fund URL""]","[51.580002, 51.630001]","[51.650002, 51.779999]","[51.330002, 51.32]","[51.459999, 51.610001]","[41.049671, 41.169319]","[1722700, 2396000]",0.3020687798190096,0.0076258676449582,0.0094351897310539,0.0053605152162148,-0.0425364809828165,0.1707948311009348,-0.6744031610362307,-1.0548980243752948,0.1789275100883826,0.099375129409265,0.5686732140326368,0.0415432724098229,0.2221297814850268,1.0
13,382,382,2014-03-14,50.060001,50.32,49.790001,49.880001,40.53767,2169300,0.0096784202418214,1.7600029999999975,0.0006018656209374,['$hsbc next day disclosure return ( change in issued share capital ) 13 march 2014 - announcement made to the hk stock exchange ...'],"[50.060001, 50.540001]","[50.32, 50.549999]","[49.790001, 49.740002]","[49.880001, 49.849998]","[40.53767, 40.513283]","[2169300, 2023900]",0.3595434199940437,0.0144220800325005,0.0069324723274737,0.0138547654609227,-0.5190158176001443,1.8169519125148603,-0.6208048887952392,-0.6643263968824086,0.1252715506140036,0.2569944263611082,0.5731285324634079,0.0879271392358347,0.2608304121685886,1.0
14,383,383,2014-03-17,49.84,50.209999,49.830002,49.939999,40.586437,1321600,0.0104108749841772,1.610001000000004,0.0012028468082829,['$hsbc next day disclosure return ( change in issued share capital ) 13 march 2014 - announcement made to the hk stock exchange ...'],"[49.84, 50.060001]","[50.209999, 50.32]","[49.830002, 49.790001]","[49.939999, 49.880001]","[40.586437, 40.53767]","[1321600, 2169300]",0.0732424922434187,0.0215316067438553,0.0078772442566253,0.006652806204639,-0.3391456087572059,0.4212364710993867,-0.8877962961654083,-0.2557489040059458,0.1455265919025534,0.1233548793794908,0.5509350607640705,0.1364493632881509,0.2390664738335664,1.0
15,384,384,2014-03-18,49.740002,50.009998,49.709999,49.830002,40.497032,1498200,0.0033173568530798,0.379997000000003,-0.0022025831438242,['URL in it to win it : $hsbc still giving me a bearish vibe to : in it URL URL'],"[49.740002, 49.84]","[50.009998, 50.209999]","[49.709999, 49.830002]","[49.830002, 49.939999]","[40.497032, 40.586437]","[1498200, 1321600]",0.6301284113787463,0.0304692260816575,0.0080829042807802,0.0068932082751192,-0.2999910674822503,0.4678255824755325,-0.3684694589709495,0.2578872703249246,0.149935753682373,0.1278157798996355,0.5941037364061367,0.1974482434682511,0.2673258783640991,1.0
16,385,385,2014-03-19,49.630001,49.650002,48.880001,49.23,40.009415,2744900,0.0053446626243625,0.7099990000000034,-0.0120409788464388,['URL in it to win it : $hsbc still giving me a bearish vibe to : in it URL URL'],"[49.630001, 49.740002]","[49.650002, 50.009998]","[48.880001, 49.709999]","[49.23, 49.830002]","[40.009415, 40.497032]","[2744900, 1498200]",0.3305948600346987,0.0267152398299939,0.0051546213709033,0.0039119211231067,-0.8574916052297563,-0.1099378240206808,-0.6478010177481199,0.0421493804105704,0.0871560611301464,0.0724950192233726,0.5708844983583075,0.1718274434645579,0.2255907555440961,1.0
17,386,386,2014-03-20,49.029999,49.450001,48.860001,49.41,40.155697,3758400,0.0059993746379268,0.7099990000000034,0.0036563071297988,['watching $hsbc URL'],"[49.029999, 49.630001]","[49.450001, 49.650002]","[48.860001, 48.880001]","[49.41, 49.23]","[40.155697, 40.009415]","[3758400, 2744900]",0.7633570055733956,0.0180578250401282,0.0051146066461694,0.003670162547702,-0.8651098003439387,-0.1567898214813083,-0.2442264460493788,-0.4553837147229704,0.086298182231942,0.0680089473995399,0.6044313488872841,0.1127409476677582,0.217869856546631,1.0
18,387,387,2014-03-21,49.779999,50.139999,49.66,49.84,40.505157,1405100,0.0077299888985947,0.7099990000000034,0.0087026917628012,['watching $hsbc URL'],"[49.779999, 49.029999]","[50.139999, 49.450001]","[49.66, 48.860001]","[49.84, 49.41]","[40.505157, 40.155697]","[1405100, 3758400]",0.4227348834831363,0.0115330679750832,0.0048920011192902,0.001500523742427,-0.9074905076595232,-0.5772585127161883,-0.5618753634762397,-0.8303550723811881,0.0815257244578773,0.027749132433535,0.5780270075315936,0.0682097521253877,0.1888779041370984,0.0
19,401,401,2014-04-10,52.25,52.279999,51.52,51.549999,41.894878,2261200,0.0117325061680688,1.5299990000000037,-0.0055941550925926,"['$hsbc the zacks analyst blog highlights : hsbc holdings , vale , rio tinto , bhp billiton and jinkosolar holding URL']","[52.25, 51.560001]","[52.279999, 51.84]","[51.52, 51.279999]","[51.549999, 51.84]","[41.894878, 42.130566]","[2261200, 1917100]",-0.0213916632180846,0.0098741138480497,0.0028214844180449,0.007188268266593,-1.3016854027176554,0.5250072148049002,-0.9760478661147796,-0.925693530978982,0.0371357505622558,0.1332909127336007,0.5435992114969144,0.0568874592200285,0.1927283335031998,0.0
20,402,402,2014-04-11,51.669998,51.91,51.529999,51.650002,41.976154,2712100,0.0090931728017755,1.5299990000000037,0.0019399224430634,"['$hsbc the zacks analyst blog highlights : hsbc holdings , vale , rio tinto , bhp billiton and jinkosolar holding URL']","[51.669998, 52.25]","[51.91, 52.279999]","[51.529999, 51.52]","[51.650002, 51.549999]","[41.976154, 41.894878]","[2712100, 2261200]",-0.0643277730045603,0.0038491340232703,0.0031992111693737,0.0077274589412606,-1.22977197308381,0.6295005510931043,-1.0160881568290183,-1.271943183224896,0.0452338647291585,0.143296134220576,0.5402708906810776,0.0157672225519928,0.1861420280457012,0.0
21,406,406,2014-04-17,51.919998,52.209999,51.869999,52.16,42.390629,1210500,0.0031363722739675,0.509997999999996,0.0038491340232702,['$hsbc chart by AT_USER URL hsbc vs ftse which will perform better ? 130days forecast spread .'],"[51.919998, 52.169998]","[52.209999, 52.169998]","[51.869999, 51.709999]","[52.16, 51.959999]","[42.390629, 42.228092]","[1210500, 2072900]",1.2630323942857649,0.0243854876847783,0.0074503705688302,0.0020460574560174,-0.4204158677521037,-0.4715359168536085,0.2217484158160857,-0.0917391791464916,0.1363748126164673,0.0378720553428545,0.643165179355003,0.1559269819899608,0.2433347573260714,1.0
22,407,407,2014-04-21,52.16,52.240002,51.970001,52.09,42.333748,1329800,0.0020281113436052,0.2000009999999932,-0.0013420245398771,['$hsbc chart by AT_USER URL hsbc vs ftse which will perform better ? 130days forecast spread .'],"[52.16, 51.919998]","[52.240002, 52.209999]","[51.970001, 51.869999]","[52.09, 52.16]","[42.333748, 42.390629]","[1329800, 1210500]",1.2510407462364743,0.0220819987759858,0.007344692287996,0.0016933700725921,-0.4405354054492913,-0.5398855436040824,0.2105655425556939,-0.2241184163916432,0.1341091674638622,0.0313275886956758,0.6422356109330588,0.1402057660114141,0.2369695332760027,1.0
23,412,412,2014-04-28,50.889999,50.98,50.450001,50.720001,41.220345,2560900,0.0082460312809217,1.119999,-0.0025564799432242,['$hsbc hdfc bank loses on slow earnin URL'],"[50.889999, 50.669998]","[50.98, 50.919998]","[50.450001, 50.43]","[50.720001, 50.849998]","[41.220345, 41.325989]","[2560900, 4379100]",2.363772129397419,0.012979351542944,0.0076087843221478,0.0049144879528516,-0.3902562980044951,0.0843562500682595,1.248248935163726,-0.7472385812086857,0.139771057800216,0.0910986480663163,0.728492308231145,0.0780805773113799,0.2593606478522643,1.0
24,413,413,2014-04-29,51.310001,51.599998,51.18,51.509998,41.862373,1571900,0.0115921652418589,0.9499969999999962,0.015575650323824,['$hsbc hdfc bank loses on slow earnin URL'],"[51.310001, 50.889999]","[51.599998, 50.98]","[51.18, 50.450001]","[51.509998, 50.720001]","[41.862373, 41.220345]","[1571900, 2560900]",-1.0144283231165845,0.0092429108846769,0.0045868888971197,0.0007192277127577,-0.9655792351385702,-0.7286710511826637,-1.902109326968337,-0.9619681431636664,0.074984399015181,0.0132514042809573,0.4666210082440828,0.0525795252527301,0.1518590841982378,0.0
25,415,415,2014-05-01,51.540001,51.549999,51.240002,51.27,41.667332,1376100,0.0077961243665213,0.7899969999999996,-0.0009742790335151,['$hsbc - china april official manufacturing pmi rises to 50.4 URL'],"[51.540001, 51.119999]","[51.549999, 51.380001]","[51.240002, 51.09]","[51.27, 51.32]","[41.667332, 41.707962]","[1376100, 1631000]",-1.068413307512156,0.0190892618991994,0.006335049321091,0.0022590119308103,-0.6327560734332422,-0.4302660570543261,-1.9524533027069864,-0.3961080550272805,0.1124633507854189,0.0418236383116419,0.4624362009059248,0.1197804613236726,0.1841259128316645,0.0
26,416,416,2014-05-02,51.080002,51.349998,51.009998,51.07,41.504784,1210100,0.0080145988506209,0.7899969999999996,-0.0039009167154281,['$hsbc - china april official manufacturing pmi rises to 50.4 URL'],"[51.080002, 51.540001]","[51.349998, 51.549999]","[51.009998, 51.240002]","[51.07, 51.27]","[41.504784, 41.667332]","[1210100, 1376100]",-0.9668880644013492,0.0190892618991994,0.0065979553347565,0.0026470687361419,-0.5827027662540766,-0.3550619554933359,-1.857775413415048,-0.3961080550272805,0.1180998139332865,0.0490244199076224,0.4703062334183958,0.1197804613236726,0.1893027321457443,0.0
27,417,417,2014-05-05,50.709999,50.860001,50.48,50.849998,41.325989,1049600,0.0013176595685909,0.6600000000000037,-0.0043078519678871,['$hsbc hsbc usa inc . declares divid URL'],"[50.709999, 51.080002]","[50.860001, 51.349998]","[50.48, 51.009998]","[50.849998, 51.07]","[41.325989, 41.504784]","[1049600, 1210100]",0.359084290728228,0.0202823618953597,0.0109795079782719,0.0029469127287568,0.2514782299501222,-0.2969531998594929,-0.6212330521609959,-0.3275417741799864,0.212036273055283,0.0545883246607981,0.5730929416867825,0.1279233191651161,0.2419102146419949,1.0
28,418,418,2014-05-06,51.52,51.619999,51.200001,51.25,41.651073,2093900,0.0048937350978789,0.4700020000000009,0.0078663129937586,"['rt AT_USER da cy vance pursued max charges vs cecily ... but was soft vs $hsbc\'s drug cartel $laundering . see AT_USER "" the divi …', '$hsbc hsbc usa inc . declares divid URL']","[51.52, 50.709999]","[51.619999, 50.860001]","[51.200001, 50.48]","[51.25, 50.849998]","[41.651073, 41.325989]","[2093900, 1049600]",1.8624469166287207,0.0214754022375144,0.0105661327632428,0.0027042573656556,0.1727778749082991,-0.3439789917545425,0.7807355213621113,-0.2589789215895983,0.2031738886112442,0.0500856120455871,0.6896305867230768,0.1360657698704531,0.2697389643125903,1.0
29,419,419,2014-05-07,50.580002,50.810001,50.5,50.810001,41.293484,1680300,0.0061104322649228,0.4599990000000034,-0.0085853463414634,"['rt AT_USER da cy vance pursued max charges vs cecily ... but was soft vs $hsbc\'s drug cartel $laundering . see AT_USER "" the divi …']","[50.580002, 51.52]","[50.810001, 51.619999]","[50.5, 51.200001]","[50.810001, 51.25]","[41.293484, 41.651073]","[1680300, 2093900]",1.4345951496464553,0.02644656936873,0.0095699639027091,0.0032262177552971,-0.0168775281136051,-0.2428248266578355,0.3817401485217259,0.0267091538061965,0.1818169443817549,0.0597711083850974,0.656464378856984,0.1699937787429857,0.2670115525917055,1.0
30,427,427,2014-05-19,53.279999,53.380001,53.09,53.23,43.260223,1779100,0.0064851017798572,1.860000999999997,0.0003758879980433,"['yield , bond-like equities and neil woodford URL aviateeurope dividendgrowers $hsbc $gsk']","[53.279999, 53.200001]","[53.380001, 53.27]","[53.09, 53.029999]","[53.23, 53.209999]","[43.260223, 43.243969]","[1779100, 2750800]",0.3803184977052359,0.0156039491427471,0.0059502611962845,0.00647127751371,-0.7060138812000116,0.3860568223436007,-0.601430982884717,-0.5964055439792941,0.1042138472652432,0.1199864332169064,0.5747389746748858,0.0959933467481163,0.2237331504762879,1.0
31,428,428,2014-05-20,52.810001,52.959999,52.59,52.720001,42.845749,1663700,0.010517316329205,1.610000999999997,-0.0095810445237646,"['yield , bond-like equities and neil woodford URL aviateeurope dividendgrowers $hsbc $gsk']","[52.810001, 53.279999]","[52.959999, 53.380001]","[52.59, 53.09]","[52.720001, 53.23]","[42.845749, 43.260223]","[1663700, 1779100]",-1.4422889438815247,0.0136774995183972,0.0067725775272821,0.00554927229394,-0.5494573561513475,0.2073753168663411,-2.3011129564494373,-0.707116705161456,0.1218435531473414,0.1028777055082287,0.4334541140505768,0.0828454082012487,0.1852551952268489,0.0
32,437,437,2014-06-03,52.130001,52.360001,52.099998,52.34,42.944202,1341100,0.0035931286125054,0.380001,-0.006076718571971,['$hsbc - china hsbc manufacturing pmi improves in may URL'],"[52.130001, 52.82]","[52.360001, 52.84]","[52.099998, 52.439999]","[52.34, 52.66]","[42.944202, 43.206757]","[1341100, 1135000]",0.6279440491230437,0.0101513696638836,0.0038275429894969,0.0007139437767808,-1.1101471491226311,-0.7296950601741025,-0.3705064972629256,-0.9097599125092868,0.0587047210986252,0.0131533555715569,0.5939344090404033,0.0587797186293945,0.181143051084995,0.0
33,438,438,2014-06-04,52.279999,52.310001,52.009998,52.209999,42.837536,3063200,0.003617910351392,0.5100020000000001,-0.0024837791364157,['$hsbc - china hsbc manufacturing pmi improves in may URL'],"[52.279999, 52.130001]","[52.310001, 52.360001]","[52.009998, 52.099998]","[52.209999, 52.34]","[42.837536, 42.944202]","[3063200, 1341100]",1.0402781237783214,0.0136460313981555,0.0052226477612505,0.0025705112565416,-0.8445404149360631,-0.3698985371278071,0.0140177715329469,-0.7089251470164326,0.0886144843777877,0.047603819411596,0.6258977166287923,0.0826306395896569,0.2111866650019582,1.0
34,451,451,2014-06-23,51.610001,51.68,51.459999,51.650002,42.378059,1101400,0.002852607193957,0.4899970000000024,-0.0027032051997835,['$hsbc - china hsbc flash manufacturing pmi hits seven-month high of 50.8 in june - - update URL'],"[51.610001, 51.830002]","[51.68, 51.919998]","[51.459999, 51.689999]","[51.650002, 51.790001]","[42.378059, 42.492943]","[1101400, 1139500]",0.5606173237332225,0.0104331301266364,0.0032069561621891,0.0033811631846414,-1.2282974442242958,-0.2127969244416568,-0.4332923824037188,-0.8935674164209905,0.0453999102523319,0.0626462755788549,0.5887153767924549,0.060702722066591,0.1893660711725582,0.0
35,452,452,2014-06-24,51.48,51.540001,51.27,51.330002,42.115513,1532100,0.0018749448936008,0.8099970000000027,-0.0061955467107241,['$hsbc - china hsbc flash manufacturing pmi hits seven-month high of 50.8 in june - - update URL'],"[51.48, 51.610001]","[51.540001, 51.68]","[51.27, 51.459999]","[51.330002, 51.650002]","[42.115513, 42.378059]","[1532100, 1101400]",1.44145582894085,0.0086614765484542,0.0053331173099661,0.0031864647794601,-0.8235086926916232,-0.2505288194525055,0.3881381103960278,-0.995382601398523,0.0909828499074148,0.0590334522150223,0.6569962049078273,0.0486112600953816,0.2139059417814115,1.0
36,456,456,2014-06-30,50.57,50.91,50.529999,50.799999,41.680649,1068200,0.0032105994161307,0.5300030000000007,-0.0029441020030598,['rt AT_USER european banks ytd : $ubs : -3.8 % $db : -25.4 % $cs : -5.6 % $bcs : -18.2 % $hsbc : -5.4 % URL'],"[50.57, 50.880001]","[50.91, 50.98]","[50.529999, 50.689999]","[50.799999, 50.950001]","[41.680649, 41.80373]","[1068200, 807400]",1.6432781158763574,0.0215813023036824,0.009716504504997,0.0033250844215296,0.0110215742244207,-0.2236647998107557,0.5763485253986375,-0.2528929491631543,0.1849586401267331,0.0616056781204602,0.6726410623960299,0.136788533416661,0.2639984785149711,1.0
37,457,457,2014-07-01,51.139999,51.419998,51.139999,51.240002,42.041676,1066500,0.0058891242501788,0.4400029999999972,0.0086614765484542,['rt AT_USER european banks ytd : $ubs : -3.8 % $db : -25.4 % $cs : -5.6 % $bcs : -18.2 % $hsbc : -5.4 % URL'],"[51.139999, 50.57]","[51.419998, 50.91]","[51.139999, 50.529999]","[51.240002, 50.799999]","[42.041676, 41.680649]","[1066500, 1068200]",1.6772052109873048,0.0215813023036824,0.0092261919996068,0.0036369306542496,-0.0823264709720915,-0.1632300504785107,0.6079874129943611,-0.2528929491631543,0.1744467909337866,0.0673922964260642,0.6752710225260976,0.136788533416661,0.2634746608256523,1.0
38,464,464,2014-07-11,50.610001,50.77,50.439999,50.599998,41.516567,1192200,0.008417113327866,1.1500020000000006,0.0,['$hsbc - london silver fix to end in august URL'],"[50.610001, 50.200001]","[50.77, 50.630001]","[50.439999, 50.16]","[50.599998, 50.599998]","[41.516567, 41.516567]","[1192200, 1423000]",0.8698972355809033,0.0146972372074708,0.0087106518739872,0.0024011182024595,-0.180477471441997,-0.4027263403460263,-0.1448718048516298,-0.6485133852347018,0.1633940847640486,0.0444605621112144,0.6126901330906384,0.089805075508609,0.2275874638686276,1.0
39,465,465,2014-07-14,51.32,51.400002,51.060001,51.080002,41.910397,910300,0.008169744765092,0.6300019999999975,0.009486245434239,['$hsbc - london silver fix to end in august URL'],"[51.32, 50.610001]","[51.400002, 50.77]","[51.060001, 50.439999]","[51.080002, 50.599998]","[41.910397, 41.516567]","[910300, 1192200]",0.7846815040378146,0.0146972372074708,0.007877747779668,0.0022085138021438,-0.3390497456265887,-0.4400524242683484,-0.2243401749806473,-0.6485133852347018,0.145537386973517,0.0408865950990575,0.6060843810897676,0.089805075508609,0.2205783596677378,1.0
40,473,473,2014-07-24,52.68,52.75,52.48,52.639999,43.19035,1399500,0.0060972873436043,1.5400010000000035,0.0160200344331205,['$hsbc - hsbc china flash manufacturing pmi rises to 52.0 in july - - update URL'],"[52.68, 51.919998]","[52.75, 51.950001]","[52.48, 51.700001]","[52.639999, 51.810001]","[43.19035, 42.509342]","[1399500, 683000]",1.3286755216905313,0.0268837940174175,0.0102866917806925,0.0063764767765883,0.1195765610888526,0.3676847588606142,0.2829642529692353,0.0518360234330059,0.1971829309370975,0.118227310857055,0.6482537024756219,0.1729778187819558,0.2841604407629325,1.0
41,474,474,2014-07-25,52.93,52.98,52.650002,52.82,43.338032,994900,0.0050949535105313,1.720002000000001,0.003419471949458,['$hsbc - hsbc china flash manufacturing pmi rises to 52.0 in july - - update URL'],"[52.93, 52.68]","[52.98, 52.75]","[52.650002, 52.48]","[52.82, 52.639999]","[43.338032, 43.19035]","[994900, 1399500]",1.1826877571969123,0.0257186265938231,0.0114005801091347,0.0065558942122708,0.3316439607252157,0.4024552534621695,0.146822609953232,-0.0151249999995664,0.221063672296222,0.1215565805699172,0.6369370247924788,0.1650255995862938,0.286145719311228,1.0
42,506,506,2014-09-10,53.380001,53.580002,53.16,53.549999,44.34869,1194700,0.0086430787331089,0.8599960000000024,0.0075258134515214,['$hsbc orders for hsbc dollar additional tier 1 bonds over us $16bn - source - ifr'],"[53.380001, 53.310001]","[53.580002, 53.310001]","[53.16, 53.009998]","[53.549999, 53.150002]","[44.34869, 44.017429]","[1194700, 765700]",-0.0195653694320971,0.0101732663838256,0.0051948518944631,0.0015012136935942,-0.8498323253006203,-0.5771248025043396,-0.974344746421724,-0.90850152959586,0.0880185665567159,0.0277619351665334,0.5437407821155373,0.0589291628321063,0.1796126116677232,0.0
43,507,507,2014-09-11,53.169998,53.169998,52.77,53.080002,43.959454,922400,0.0088059150128681,0.9299960000000028,-0.0087767882124516,['$hsbc orders for hsbc dollar additional tier 1 bonds over us $16bn - source - ifr'],"[53.169998, 53.380001]","[53.169998, 53.580002]","[52.77, 53.16]","[53.080002, 53.549999]","[43.959454, 44.34869]","[922400, 1194700]",0.2670243147501072,0.0149981064866891,0.0041115909098704,0.003127665937747,-1.0560687443960384,-0.2619238368909499,-0.7070840577514197,-0.6312227242979858,0.0647944472828678,0.0579423809814928,0.5659566376322888,0.0918584958232655,0.1951379904299787,0.0
44,519,519,2014-09-29,51.630001,51.740002,51.43,51.560001,42.700638,1621500,0.0133151073341342,1.75,-0.0284529677784058,['$hsbc - london markets : mining stocks slump in london on china worries URL'],"[51.630001, 53.0]","[51.740002, 53.139999]","[51.43, 52.75]","[51.560001, 53.07]","[42.700638, 43.951164]","[1621500, 877400]",1.099111406670841,0.0220972684230066,0.0109417009395818,0.0069204811000769,0.2442803446879848,0.4731109640737791,0.0688830530501731,-0.2232408848272843,0.2112257249155288,0.1283218544055522,0.630458354308568,0.1403099807171216,0.2775789785866926,1.0
45,520,520,2014-09-30,50.849998,50.990002,50.619999,50.880001,42.137466,2014400,0.0124478590659848,2.43,-0.0131885179753972,['$hsbc - london markets : mining stocks slump in london on china worries URL'],"[50.849998, 51.630001]","[50.990002, 51.740002]","[50.619999, 51.43]","[50.880001, 51.560001]","[42.137466, 42.700638]","[2014400, 1621500]",0.8284763653051858,0.0200883893147527,0.0099787364706362,0.0085331898910621,0.0609465529091427,0.7856484947631717,-0.1834990511420913,-0.3386891872060332,0.1905806523048143,0.1582472767206661,0.6094792705920481,0.1265994643716337,0.2712266659972905,1.0
46,524,524,2014-10-06,50.860001,50.990002,50.580002,50.779999,42.054649,3992500,0.0108288498026209,1.1000020000000037,0.0073397936917278,['rt AT_USER any love for $hsbc and their fat divided yield AT_USER ?'],"[50.860001, 50.459999]","[50.990002, 50.619999]","[50.580002, 50.32]","[50.779999, 50.41]","[42.054649, 41.748226]","[3992500, 3443800]",0.8007817955312221,0.0335611347894346,0.0157602852982819,0.0015526849059539,1.1616655338362418,-0.5671498549487659,-0.2093257650775154,0.4355762163427868,0.3145317420888753,0.0287170349189159,0.6073324432822912,0.2185503917770066,0.2922829030167723,1.0
47,525,525,2014-10-07,50.869999,50.939999,50.43,50.450001,41.781361,1259800,0.0087650994237986,1.0,-0.0064985822469195,['rt AT_USER any love for $hsbc and their fat divided yield AT_USER ?'],"[50.869999, 50.860001]","[50.939999, 50.990002]","[50.43, 50.580002]","[50.450001, 50.779999]","[41.781361, 42.054649]","[1259800, 3992500]",0.7218164299069749,0.0335611347894346,0.015559930545825,0.0014386564938044,1.1235210356191323,-0.5892481770766349,-0.2829653242195717,0.4355762163427868,0.3102363204551949,0.0266011238452179,0.6012112070677301,0.2185503917770066,0.2891497607862874,1.0
48,526,526,2014-10-08,50.919998,51.43,50.77,51.43,42.592968,3777000,0.0094665056126245,1.6500010000000032,0.0194251532324052,['banks to revise rules governing derivatives market URL $cs $gs $hsbc $jpm'],"[50.919998, 50.869999]","[51.43, 50.939999]","[50.77, 50.43]","[51.43, 50.450001]","[42.592968, 41.781361]","[3777000, 1259800]",0.3186687918859278,0.0161160357799362,0.0125170967225809,0.0030888740546723,0.5442117458599,-0.2694415731460812,-0.6589227341339164,-0.5669764296580694,0.2450007616686939,0.0572225588475167,0.5699600135582629,0.0994883167443893,0.2429179127047157,1.0
49,527,527,2014-10-09,50.779999,50.889999,50.150002,50.209999,41.582596,2568700,0.0161131170468113,1.2200009999999963,-0.0237215827338128,['banks to revise rules governing derivatives market URL $cs $gs $hsbc $jpm'],"[50.779999, 50.919998]","[50.889999, 51.43]","[50.150002, 50.77]","[50.209999, 51.43]","[41.582596, 42.592968]","[2568700, 3777000]",-0.4293315997098532,0.0177562143309884,0.0093189438135027,0.0035897965784523,-0.0646679360164663,-0.1723644755795332,-1.3564743586943062,-0.4727169849065137,0.1764353045232371,0.0665176765743269,0.5119765286551548,0.1106824671247306,0.2164029942193623,1.0
50,542,542,2014-10-30,49.990002,50.57,49.98,50.450001,42.199673,1414800,0.0063375371141652,0.4500010000000003,-0.0047346223068578,['$hsbc - london markets : miners hammer ftse 100 as metals prices slide URL'],"[49.990002, 50.66]","[50.57, 50.849998]","[49.98, 50.389999]","[50.450001, 50.689999]","[42.199673, 42.400421]","[1414800, 1396900]",1.3128967294963894,0.01836331410632,0.0100738081995832,0.0039160401451075,0.0790467644132169,-0.1091395714333685,0.2682496588964391,-0.4378275591821984,0.1926189027394187,0.0725714517904847,0.6470305622617157,0.1148258978363281,0.2567617036569868,1.0
51,543,543,2014-10-31,50.950001,51.200001,50.810001,51.02,42.67646,1437400,0.0065582730818206,0.7600020000000001,0.0112982951179723,['$hsbc - london markets : miners hammer ftse 100 as metals prices slide URL'],"[50.950001, 49.990002]","[51.200001, 50.57]","[50.810001, 49.98]","[51.02, 50.450001]","[42.67646, 42.199673]","[1437400, 1414800]",1.101751709075678,0.0081852665202634,0.0082800381409825,0.0041338420832179,-0.2624597781726241,-0.06693028957362,0.0713452806806904,-1.0227499223609826,0.1541621223482524,0.0766129842825487,0.6306630252370202,0.0453611464630733,0.2266998195827237,1.0
52,544,544,2014-11-03,50.279999,50.330002,49.939999,50.099998,41.90691,1675700,0.0105286386069284,0.9200020000000038,-0.0180321834574677,['$hsbc - china shows mixed picture for october business activity - - update URL'],"[50.279999, 50.950001]","[50.330002, 51.200001]","[49.939999, 50.810001]","[50.099998, 51.02]","[41.90691, 42.67646]","[1675700, 1437400]",0.6642382972248111,0.0081852665202634,0.0046723757095529,0.0086469248876203,-0.9493038459877888,0.8076899539379255,-0.3366601089320662,-1.0227499223609826,0.0768171576546295,0.1603577431750178,0.5967478661060993,0.0453611464630733,0.219820978349705,1.0
53,545,545,2014-11-04,49.93,50.16,49.84,50.16,41.9571,1526200,0.0106499121235631,0.9200020000000038,0.001197644758389,['$hsbc - china shows mixed picture for october business activity - - update URL'],"[49.93, 50.279999]","[50.16, 50.330002]","[49.84, 49.939999]","[50.16, 50.099998]","[41.9571, 41.90691]","[1526200, 1675700]",1.213742648835898,0.0095827510481133,0.0048150557066351,0.0045520047069442,-0.9221397441754804,0.0141082181697254,0.1757830093817762,-0.9424378639210542,0.0798760855744559,0.0843724094071312,0.6393443374901036,0.0548989202310063,0.2146229381756742,1.0
54,568,568,2014-12-08,50.009998,50.150002,49.779999,49.82,41.672699,1359400,0.0080459664429035,0.7000010000000003,-0.0051917330194994,['the uk ’ s fca reevaluate fines imposed on lender URL $jpm $c $hsbc $rbs $ubs'],"[50.009998, 50.119999]","[50.150002, 50.349998]","[49.779999, 50.040001]","[49.82, 50.080002]","[41.672699, 41.890179]","[1359400, 1337800]",0.1162755170838365,0.0555316843635746,0.0051172339007089,0.0023176500360924,-0.8646096110303888,-0.4189021897947097,-0.8476656268175738,1.6982020459614158,0.0863545081530782,0.0429117269201581,0.554270894239834,0.3684984786568705,0.2630089019924852,1.0
55,569,569,2014-12-09,49.0,49.209999,48.799999,49.040001,41.02026,1456700,0.0108143827858133,1.0400010000000035,-0.0156563428342032,['the uk ’ s fca reevaluate fines imposed on lender URL $jpm $c $hsbc $rbs $ubs'],"[49.0, 50.009998]","[49.209999, 50.150002]","[48.799999, 49.779999]","[49.040001, 49.82]","[41.02026, 41.672699]","[1456700, 1359400]",0.1953819686531908,0.047352583886194,0.0105203669304383,0.0021273326079843,0.1640647562704408,-0.4557850662077071,-0.7738944972494618,1.228157202934723,0.2021927112450915,0.0393801969614345,0.560403067152905,0.3126764581451506,0.2786631083761454,1.0
56,588,588,2015-01-07,45.459999,45.720001,45.23,45.669998,38.20137,2122400,0.0116493395033301,1.9099999999999968,0.0077228155339805,['$hsbc - kaisa group : no resolution on winding up and restructuring URL'],"[45.459999, 45.439999]","[45.720001, 45.68]","[45.23, 45.009998]","[45.669998, 45.32]","[38.20137, 37.908604]","[2122400, 3408100]",0.2816782175032095,0.0128204680450722,0.0051184190371712,0.0024739225219455,-0.8643839790694852,-0.3886171084978042,-0.6934184851308369,-0.7563694592341137,0.0863799163889029,0.0458115189728385,0.5670925786807197,0.0769962040478772,0.1940700545225846,0.0
57,589,589,2015-01-08,45.630001,46.009998,45.630001,45.82,38.326839,1601600,0.0126786458351017,1.75,0.0032844757295589,['$hsbc - kaisa group : no resolution on winding up and restructuring URL'],"[45.630001, 45.459999]","[46.009998, 45.720001]","[45.630001, 45.23]","[45.82, 45.669998]","[38.326839, 38.20137]","[1601600, 2122400]",0.1374968461021959,0.0103889694788255,0.0046499858397181,0.0063598859048257,-0.9535665367376802,0.3644695038054845,-0.8278755669480776,-0.896105285325479,0.0763371394365222,0.1179194506613105,0.5559159289545016,0.060401327482342,0.2026434616336691,1.0
58,596,596,2015-01-20,45.32,45.5,45.110001,45.360001,37.942066,3186200,0.0049864193493931,0.4699970000000064,0.0026524976723034,"['$hsbc - itochu , cp in deal to take $10.2 billion stake in citic - - update URL']","[45.32, 44.900002]","[45.5, 45.240002]","[45.110001, 44.720001]","[45.360001, 45.240002]","[37.942066, 37.841694]","[3186200, 2908800]",1.066056351870564,0.0338724446622571,0.0104187858572899,0.0013247420677905,0.1447252646133377,-0.611324409075429,0.0380573911455384,0.453466887903576,0.2000149064572167,0.02448732789811,0.6278959929882827,0.2206750687086884,0.2682683240130745,1.0
59,597,597,2015-01-21,45.400002,45.799999,45.299999,45.759998,38.276646,1860100,0.0035998670151332,0.5199960000000061,0.008818275819703,"['$hsbc - itochu , cp in deal to take $10.2 billion stake in citic - - update URL']","[45.400002, 45.32]","[45.799999, 45.5]","[45.299999, 45.110001]","[45.759998, 45.360001]","[38.276646, 37.942066]","[1860100, 3186200]",1.128273868079999,0.0172006672629828,0.0122816822907611,0.0002615650049667,0.4993924178194342,-0.8173645421471666,0.0960786569037215,-0.5046437273517,0.239953692752588,0.0047590156457111,0.6327189696235519,0.1068908814960667,0.2460806398794794,1.0
60,610,610,2015-02-09,46.200001,46.509998,46.189999,46.369999,38.786892,2097600,0.008321674331167,0.7100030000000004,-0.0150807767595252,"['european stocks fall , spooked by prospect of greece euro exit - URL $hsbc investing markets invest']","[46.200001, 47.509998]","[46.509998, 47.580002]","[46.189999, 47.0]","[46.369999, 47.080002]","[38.786892, 39.380783]","[2097600, 1475700]",-0.057486039073514,0.0184940562965239,0.0103847662059679,0.0016936692658484,0.1382484403140097,-0.5398275609589541,-1.009707862551057,-0.4303139343720726,0.1992855564195119,0.0313331405253667,0.5408012481254841,0.1157182078456614,0.221784538229006,1.0
61,611,611,2015-02-10,45.880001,45.93,45.43,45.619999,38.159542,3488000,0.010274557919174,1.4600030000000004,-0.0161742509418644,"['hsbc could face u . s . legal action over swiss accounts - URL $hsbc headlines newsfeed news', 'european stocks fall , spooked by prospect of greece euro exit - URL $hsbc investing markets invest']","[45.880001, 46.200001]","[45.93, 46.509998]","[45.43, 46.189999]","[45.619999, 46.369999]","[38.159542, 38.786892]","[3488000, 2097600]",1.2645375138939798,0.0275209171079223,0.0070974659721722,0.0056305787399819,-0.4876035365892902,0.2231322321985519,0.2231520228725315,0.0884508594890263,0.1288088626176715,0.1043864278196253,0.6432818531977722,0.1773261573706559,0.2634508252514312,1.0
62,612,612,2015-02-11,45.200001,45.419998,45.049999,45.419998,37.992249,2363000,0.0070326602309491,1.6600040000000007,-0.004384064103114,['hsbc could face u . s . legal action over swiss accounts - URL $hsbc headlines newsfeed news'],"[45.200001, 45.880001]","[45.419998, 45.93]","[45.049999, 45.43]","[45.419998, 45.619999]","[37.992249, 38.159542]","[2363000, 3488000]",1.5072772985377672,0.011705982837503,0.0083870498450584,0.0061708348263481,-0.2420863769666253,0.3278320416847129,0.4495202614806409,-0.8204178256646486,0.1564563548688586,0.1144114190847517,0.6620985527562435,0.0693898888682329,0.2505890538945217,1.0
63,619,619,2015-02-23,44.360001,44.709999,44.169998,44.68,37.373264,3921100,0.0215688264108929,2.0,-0.0428449014567267,['swiss account secret of hsbc chief stuart gulliver revealed URL more about hsbc : URL $hsba $hsbc'],"[44.360001, 46.400002]","[44.709999, 46.810001]","[44.169998, 46.25]","[44.68, 46.68]","[37.373264, 39.0462]","[3921100, 1339300]",1.307181038485904,0.0094128643974195,0.0056213934935685,0.0098906196373924,-0.7686252909424072,1.0487138065999289,0.2629194617539704,-0.952201082294338,0.0971632261667048,0.1834357414013954,0.6465874933981952,0.053739450907219,0.2452314779683786,1.0
64,620,620,2015-02-24,44.580002,45.09,44.580002,45.040001,37.674393,3624100,0.0214088553730529,2.0,0.0080573187108325,"['see why these assets are trending in 1 watchlist $azn $hsbc usdcad audusd $ba URL', 'swiss account secret of hsbc chief stuart gulliver revealed URL more about hsbc : URL $hsba $hsbc']","[44.580002, 44.360001]","[45.09, 44.709999]","[44.580002, 44.169998]","[45.040001, 44.68]","[37.674393, 37.373264]","[3624100, 3921100]",0.8036172022255295,0.0056028687943269,0.0043235642919113,0.010009716828739,-1.0157122357822834,1.071794441060146,-0.2066815919351939,-1.1711577744319048,0.0693389616495971,0.185645708735556,0.607552238302589,0.0277363894099832,0.2225683245244313,1.0
65,621,621,2015-02-25,44.77,44.799999,44.509998,44.77,37.448547,2392300,0.0214435711219002,2.0,-0.0059946934725866,"[""$hsbc - most asian shares rise on yellen's comments URL"", 'see why these assets are trending in 1 watchlist $azn $hsbc usdcad audusd $ba URL']","[44.77, 44.580002]","[44.799999, 45.09]","[44.509998, 44.580002]","[44.77, 45.040001]","[37.448547, 37.674393]","[2392300, 3624100]",1.5828387607743102,0.0253656547242071,0.0101037042851108,0.0131919184036123,0.0847385244893915,1.6884943858525503,0.5199854929557369,-0.0354099454535714,0.1932598473187854,0.2446946371919634,0.6679559252310123,0.1626165812596141,0.3171317477503438,1.0
66,622,622,2015-02-26,44.59,44.869999,44.57,44.849998,37.515465,1497400,0.0201335882696347,2.0,0.0017868662050479,"[""$hsbc - most asian shares rise on yellen's comments URL""]","[44.59, 44.77]","[44.869999, 44.799999]","[44.57, 44.509998]","[44.849998, 44.77]","[37.515465, 37.448547]","[1497400, 2392300]",1.5352855569012145,0.0293645102087633,0.0096418513746763,0.0096041708894722,-0.003191246592156,0.9932010042611032,0.4756395073286935,0.1944003379294021,0.1833581456684323,0.178120398792076,0.6642696965741159,0.1899086035913643,0.3039142111564972,1.0
67,623,623,2015-02-27,44.700001,44.779999,44.59,44.619999,37.323078,1527100,0.005694813525249,0.4200019999999966,-0.0051281830603425,"['rt AT_USER $hsbc must be pissed . “ AT_USER mexico captures its most wanted drug lord , servando "" la tuta "" gomez , police say URL']","[44.700001, 44.59]","[44.779999, 44.869999]","[44.59, 44.57]","[44.619999, 44.849998]","[37.323078, 37.515465]","[1527100, 1497400]",1.1440018885356589,0.0481195503826313,0.0107910693105727,0.0078273184892897,0.2156023730715447,0.6488529950874772,0.1107459035298347,1.272234011554643,0.2079963213200169,0.1451491278693188,0.633938174114476,0.3179109725779206,0.3262486489704331,1.0
68,624,624,2015-03-02,44.599998,44.869999,44.549999,44.869999,37.532196,1229500,0.0048325959435625,0.4200019999999966,0.005602868794327,"['rt AT_USER $hsbc must be pissed . “ AT_USER mexico captures its most wanted drug lord , servando "" la tuta "" gomez , police say URL']","[44.599998, 44.700001]","[44.869999, 44.779999]","[44.549999, 44.59]","[44.869999, 44.619999]","[37.532196, 37.323078]","[1229500, 1527100]",1.114541402130073,0.04671805543756,0.0102200430120314,2.5891053781754657e-05,0.10688764901569,-0.8630373599323035,0.0832723749281799,1.1916914783897108,0.1957540426314575,0.0003858501013151,0.6316544565015851,0.3083458278792829,0.2840350442784102,1.0
69,628,628,2015-03-06,43.189999,43.25,42.75,42.810001,36.626453,2860700,0.0093939960939784,2.059998,-0.0178939894471209,"['$hsbc : steady movements - hsbc ( hsbc ) , citizens financial ( cfg ) , range ... : URL']","[43.189999, 43.52]","[43.25, 43.68]","[42.75, 43.459999]","[42.810001, 43.59]","[36.626453, 37.293785]","[2860700, 2063100]",0.5125642910106775,0.0336943931093716,0.0060573730702321,0.0045544897376157,-0.6856214091736526,0.0145898087421211,-0.4781044860032297,0.4432344406487494,0.106510227335776,0.0844185216331737,0.5849904024091234,0.2194598742670986,0.2488447564112929,1.0
70,629,629,2015-03-09,43.099998,43.139999,42.849998,42.950001,36.746227,1882700,0.0107787487941153,2.0,0.0032702638806292,"['$hsbc : steady movements - hsbc ( hsbc ) , citizens financial ( cfg ) , range ... : URL']","[43.099998, 43.189999]","[43.139999, 43.25]","[42.849998, 42.75]","[42.950001, 42.810001]","[36.746227, 36.626453]","[1882700, 2860700]",0.5361504945116082,0.0192538873466639,0.0065389148667173,0.0046322406592079,-0.5939431735827871,0.0296576754140736,-0.4561090502332212,-0.3866471928180865,0.1168340405959021,0.0858612676373141,0.5868187574340454,0.1209040231542833,0.2276045222053862,1.0
71,630,630,2015-03-10,42.849998,42.860001,42.27,42.349998,36.232891,2652000,0.0083901427516525,1.4100000000000037,-0.0139698017702025,"['$hsbc - london markets : ftse 100 smacked lower as oil , mining shares slide URL']","[42.849998, 43.099998]","[42.860001, 43.139999]","[42.27, 42.849998]","[42.349998, 42.950001]","[36.232891, 36.746227]","[2652000, 1882700]",0.2353448059757769,0.0168471965546858,0.0079945933700659,0.0065380954637021,-0.316804122001721,0.3990059159511954,-0.7366269471122999,-0.5249573405730414,0.1480424489729984,0.1212263070136644,0.5635009058714598,0.1044784586161406,0.2343120301185658,1.0
72,631,631,2015-03-11,42.07,42.189999,41.91,42.049999,35.976219,1868800,0.0080886223081949,1.5400010000000035,-0.0070838019874286,"['$hsbc - london markets : ftse 100 smacked lower as oil , mining shares slide URL']","[42.07, 42.849998]","[42.189999, 42.860001]","[41.91, 42.27]","[42.049999, 42.349998]","[35.976219, 36.232891]","[1868800, 2652000]",0.433871201942826,0.0370638035394418,0.0104212483602169,0.0033394551793148,0.1451940877251268,-0.2208797953651745,-0.5514901322377829,0.636871137138149,0.200067700255297,0.0618723418840078,0.5788902725252202,0.2424559602865746,0.2708215687377749,1.0
73,633,633,2015-03-13,41.459999,41.610001,41.200001,41.549999,35.548447,2318900,0.0044352404749473,1.4000020000000006,-0.0100071953774794,['rt AT_USER hsbc should face criminal trial for tax evasion : french prosecutor . URL $hsbc -1.64 % at 41.28 banks'],"[41.459999, 42.049999]","[41.610001, 42.080002]","[41.200001, 41.689999]","[41.549999, 41.970001]","[35.548447, 35.90778]","[2318900, 3466300]",0.9195415793691912,0.0433533173652694,0.0125717032756397,0.0052026001468572,0.5546080031997,0.1401914226545047,-0.0985757159072425,0.9983232976967796,0.2461714759466093,0.0964448575791227,0.6165384627050545,0.285381630507285,0.3111341066845179,1.0
74,634,634,2015-03-16,41.59,41.849998,41.52,41.75,35.719563,1503400,0.0056453050048924,0.7999989999999997,0.0048135019209025,['rt AT_USER hsbc should face criminal trial for tax evasion : french prosecutor . URL $hsbc -1.64 % at 41.28 banks'],"[41.59, 41.459999]","[41.849998, 41.610001]","[41.52, 41.200001]","[41.75, 41.549999]","[35.719563, 35.548447]","[1503400, 2318900]",1.679124322110484,0.0310059408284023,0.0144539230279396,0.005904963358461,0.9129540224749636,0.2763070468941555,0.6097770899741145,0.288731737828589,0.2865245364267127,0.1094779084580748,0.675419788157892,0.201111299287725,0.3181333830826012,1.0
75,635,635,2015-03-17,42.02,42.34,41.98,42.25,36.147331,2411500,0.0081230896203205,0.7000010000000003,0.0119760479041917,['rt AT_USER $hsbc : current mortgage rates today : 30 - year fha home loans and va ... : URL'],"[42.02, 41.59]","[42.34, 41.849998]","[41.98, 41.52]","[42.25, 41.75]","[36.147331, 35.719563]","[2411500, 1503400]",1.8605914229512104,0.0232558374442095,0.0148065349565781,0.0014281309786414,0.980085971771629,-0.5912879864561498,0.779005171159556,-0.1566590650766958,0.2940842118923265,0.0264058123989744,0.6894867525876317,0.1482171660909518,0.2895484857424711,1.0
76,636,636,2015-03-18,42.290001,43.23,42.220001,43.09,36.866001,3266700,0.010955691929074,1.5400010000000035,0.0198816568047337,['rt AT_USER $hsbc : current mortgage rates today : 30 - year fha home loans and va ... : URL'],"[42.290001, 42.02]","[43.23, 42.34]","[42.220001, 41.98]","[43.09, 42.25]","[36.866001, 36.147331]","[3266700, 2411500]",0.8575054056847888,0.0232558374442095,0.0125977526822741,0.0022290955095087,0.5595674141082901,-0.4360637587180925,-0.1564278697580527,-0.1566590650766958,0.2467299512681568,0.0412685092352633,0.6117295433773491,0.1482171660909518,0.2619862924929303,1.0
77,647,647,2015-04-02,43.080002,43.23,43.040001,43.150002,36.917343,1316900,0.0084609965283858,0.5999989999999968,0.0053589005293057,"['rt AT_USER $hsbc ’ s southeast asia investment-banking head exits after decade with firm : URL', 'rt AT_USER $hsbc ’ s southeast asia investment-banking head exits after decade with firm : URL']","[43.080002, 42.889999]","[43.23, 43.0]","[43.040001, 42.700001]","[43.150002, 42.919998]","[36.917343, 36.720558]","[1316900, 2098600]",1.1585184045971046,0.0275924797612104,0.0061202610707185,0.0005789848505997,-0.673648490173655,-0.7558496454091501,0.1242833554822537,0.0925634946405817,0.1078584882303924,0.0106490579055806,0.6350634652230793,0.1778145695023773,0.2328463952153574,1.0
78,648,648,2015-04-06,43.220001,43.790001,43.169998,43.52,37.233898,1205100,0.009250125283191,0.9299999999999996,0.0085746925341974,"['rt AT_USER $hsbc ’ s southeast asia investment-banking head exits after decade with firm : URL', 'rt AT_USER $hsbc ’ s southeast asia investment-banking head exits after decade with firm : URL']","[43.220001, 43.080002]","[43.790001, 43.23]","[43.169998, 43.040001]","[43.52, 43.150002]","[37.233898, 36.917343]","[1205100, 1316900]",0.1367592948541932,0.0409289013139159,0.006575274624713,0.0006067479091993,-0.5870208285571066,-0.7504692581826359,-0.828563374169867,0.8589944967557245,0.1176135603685798,0.0111642291863453,0.5558587554661795,0.2688350918112669,0.2383679092080929,1.0
79,649,649,2015-04-07,43.560001,43.73,43.459999,43.490002,37.208233,3491300,0.0036121254507821,0.9299999999999996,-0.0006892922794119,['[ key gainers & losers ] + $bac 3.3 % 1/11 / 2023 +0.7 % + $hsbc 2.35 % 3/5 / 2020 +0.6 % - $act 4.55 % 3/15 / 2035 -0.6 % URL'],"[43.560001, 43.220001]","[43.73, 43.790001]","[43.459999, 43.169998]","[43.490002, 43.52]","[37.208233, 37.233898]","[3491300, 1205100]",-0.4004732430054923,0.042723303632625,0.0050219230824616,0.0025660940354004,-0.882755341501581,-0.3707545797039354,-1.329562349252273,0.9621170294299376,0.0843111318637571,0.0475218534616064,0.5142135703854752,0.2810818129902365,0.2317820921752688,1.0
80,650,650,2015-04-08,44.080002,44.139999,43.509998,43.77,37.447784,2843100,0.0034270824505889,0.8500020000000035,0.0064382153856881,"['$hsbc - manulife , dbs near insurance deal for asia worth more than $1 billion--update URL', '[ key gainers & losers ] + $bac 3.3 % 1/11 / 2023 +0.7 % + $hsbc 2.35 % 3/5 / 2020 +0.6 % - $act 4.55 % 3/15 / 2035 -0.6 % URL']","[44.080002, 43.560001]","[44.139999, 43.73]","[43.509998, 43.459999]","[43.77, 43.490002]","[37.447784, 37.208233]","[2843100, 3491300]",-0.5049254968568124,0.0303097882732424,0.0051598834635237,0.004837404206852,-0.8564897828116917,0.0694176797785261,-1.4269698375124618,0.2487245366189077,0.0872688755565722,0.0896682821716405,0.5061166418914103,0.1963600870583494,0.2198534716694931,1.0
81,651,651,2015-04-09,44.41,44.630001,44.349998,44.540001,38.106564,2915200,0.0064686784422054,1.389998999999996,0.017591980808773,"['$hsbc - manulife , dbs near insurance deal for asia worth more than $1 billion--update URL']","[44.41, 44.080002]","[44.630001, 44.139999]","[44.349998, 43.509998]","[44.540001, 43.77]","[38.106564, 37.447784]","[2915200, 2843100]",-0.2755418216749528,0.026851645264078,0.0077107676791535,0.0031845192669488,-0.3708402176182035,-0.25090585322302,-1.2130569076951647,0.0499884662647378,0.1419574871840254,0.0589973512872878,0.5238980027253954,0.1727584048777854,0.2244028115186235,1.0
82,654,654,2015-04-14,45.5,45.689999,45.400002,45.639999,39.047676,2965300,0.0052535399225106,1.869999,0.0081731610337971,['hsbc holdings plc downgraded by investec to sell . URL $hsbc hsbc'],"[45.5, 45.310001]","[45.689999, 45.41]","[45.400002, 45.07]","[45.639999, 45.27]","[39.047676, 38.731125]","[2965300, 3990200]",1.2744816779508723,0.0229602759036943,0.0100168062120995,0.0100979657071828,0.0681944527845651,1.0888967764037043,0.2324255043716279,-0.1736446955015085,0.1913968325504277,0.1872832548139479,0.6440527047814683,0.1461999708721447,0.2922331907544971,1.0
83,655,655,2015-04-15,45.529999,45.919998,45.48,45.889999,39.26157,1623300,0.0035630688731489,1.3499980000000065,0.0054776513031913,['hsbc holdings plc downgraded by investec to sell . URL $hsbc hsbc'],"[45.529999, 45.5]","[45.919998, 45.689999]","[45.48, 45.400002]","[45.889999, 45.639999]","[39.26157, 39.047676]","[1623300, 2965300]",1.1688478677560434,0.0167186799661462,0.0096423947468237,0.0103545011592987,-0.0030877967979607,1.138612482789611,0.1339161496469501,-0.5323430622490963,0.1833697950675529,0.1920435263436127,0.6358641844176988,0.1036013382455822,0.2787197110186116,1.0
84,668,668,2015-05-04,49.07,49.200001,48.950001,49.099998,42.007915,2028400,0.0088268131085332,1.0700000000000005,-0.002640706886045,"['$hsbc hsbc retirement survey shows giving while living on the rise , often at the cost of retirement dreams URL', 'hsbc holdings plc upgraded by zacks to “ hold ” $hsbc URL']","[49.07, 49.130001]","[49.200001, 49.25]","[48.950001, 48.849998]","[49.099998, 49.23]","[42.007915, 42.119133]","[2028400, 2339300]",1.8619404560911383,0.0401513558965734,0.0198367441219569,0.0016104752447975,1.937761306085213,-0.5559502819689174,0.780263218974658,0.8143097279780794,0.4019272702972088,0.0297893923744561,0.6895913269215246,0.2635283766833966,0.3462090915691466,1.0
85,669,669,2015-05-05,48.169998,48.220001,47.52,47.57,40.69891,3675800,0.0109974526261483,2.599998,-0.0311608566664299,"['rt AT_USER so my gut from that $hsbc conference call . they will switch the domicile / hq location to hk sooner rather than later . …', '$hsbc hsbc retirement survey shows giving while living on the rise , often at the cost of retirement dreams URL', 'hsbc holdings plc upgraded by zacks to “ hold ” $hsbc URL']","[48.169998, 49.07]","[48.220001, 49.200001]","[47.52, 48.950001]","[47.57, 49.099998]","[40.69891, 42.007915]","[3675800, 2028400]",1.4320970781720153,0.0269821502698214,0.0146164553461834,0.0065420771159262,0.9438977043564646,0.3997775467385641,0.3794105590792042,0.0574884603176902,0.2900090798547844,0.1213001905473713,0.656270733383997,0.1736490961130426,0.3103072749747988,1.0
86,670,670,2015-05-06,48.169998,48.360001,48.02,48.25,41.280689,2533800,0.0164109217197548,2.060001,0.0142947235652721,['rt AT_USER so my gut from that $hsbc conference call . they will switch the domicile / hq location to hk sooner rather than later . …'],"[48.169998, 48.169998]","[48.360001, 48.220001]","[48.02, 47.52]","[48.25, 47.57]","[41.280689, 40.69891]","[2533800, 3675800]",2.0136475546703947,0.0269821502698214,0.0138072972839835,0.0061642768389778,0.7898463135985483,0.3265611258253446,0.92173845650166,0.0574884603176902,0.2726614751545266,0.1142897290792837,0.7013513558720418,0.1736490961130426,0.3154879140547236,1.0
87,673,673,2015-05-11,49.150002,49.380001,49.029999,49.09,41.999359,1823900,0.0134881963110256,1.9099999999999968,-0.007881972514147,"[""prosecuted , ' ' evade , ' and ' crime ' are 3 words now used to describe $hsbc : URL""]","[49.150002, 49.32]","[49.380001, 49.580002]","[49.029999, 49.09]","[49.09, 49.48]","[41.999359, 42.333019]","[1823900, 2105900]",1.1394029971099164,0.0101407491721854,0.0069728228274255,0.0018258061233205,-0.5113336959903663,-0.5142198831325329,0.1064571836023496,-0.9103702616995129,0.1261366282240796,0.0337850718878968,0.6335816773070523,0.0587072342153614,0.2130526529085975,1.0
88,674,674,2015-05-12,48.450001,48.68,48.330002,48.490002,41.486027,1872300,0.0151548024880923,1.2999999999999972,-0.0122224078223671,"[""prosecuted , ' ' evade , ' and ' crime ' are 3 words now used to describe $hsbc : URL""]","[48.450001, 49.150002]","[48.68, 49.380001]","[48.330002, 49.029999]","[48.490002, 49.09]","[41.486027, 41.999359]","[1872300, 1823900]",1.1497858301595754,0.0200627594592585,0.0070175822013336,0.0026670136381202,-0.5028121918218853,-0.3511967006816895,0.1161397481340039,-0.340162109740227,0.1270962280370972,0.0493945174838683,0.634386533628186,0.1264245416740746,0.2343254552058065,1.0
89,678,678,2015-05-18,48.490002,48.689999,48.400002,48.450001,41.451801,1436200,0.0056415043381351,0.4900009999999994,-0.007375537648524,['video : $pff $qat big etf inflows $act $hsbc stocks URL'],"[48.490002, 48.599998]","[48.689999, 48.810001]","[48.400002, 48.48]","[48.450001, 48.810001]","[41.451801, 41.759796]","[1436200, 1465300]",1.222560740764158,0.0149788812245197,0.0077096324462572,0.0051565642040175,-0.3710563486989886,0.1312698120211997,0.1840063665072425,-0.6323275811662384,0.1419331488347612,0.0955906146811778,0.6400278982287625,0.0917272842087205,0.2423197364883555,1.0
90,679,679,2015-05-19,47.700001,47.93,47.639999,47.849998,40.938457,3006900,0.0078508013117636,0.9600030000000004,-0.0123839625926942,['video : $pff $qat big etf inflows $act $hsbc stocks URL'],"[47.700001, 48.490002]","[47.93, 48.689999]","[47.639999, 48.400002]","[47.849998, 48.450001]","[40.938457, 41.451801]","[3006900, 1436200]",1.158421298033003,0.0149788812245197,0.0079100407739929,0.0057442534385672,-0.3329016505634769,0.2451620058292934,0.1241927982548704,-0.6323275811662384,0.1462297190731478,0.1064957753848669,0.6350559377176704,0.0917272842087205,0.2448771790961014,1.0
91,682,682,2015-05-22,48.189999,48.299999,48.07,48.110001,41.595554,1570000,0.0063864786218302,0.6400000000000006,0.0031276481052469,"['mu micron technology , inc . investor opinions click here -> URL trending $mu $iwm $hsbc $soxl mu pennystocks share']","[48.189999, 48.110001]","[48.299999, 48.18]","[48.07, 47.939999]","[48.110001, 47.959999]","[41.595554, 41.465862]","[1570000, 3228800]",1.0612523086593708,0.0086497675675203,0.0074854193926791,0.0030149356039119,-0.4137431046535407,-0.283770595814543,0.0335773558620315,-0.996055504992298,0.1371262271666562,0.0558505570473786,0.6275235932273471,0.0485313467875953,0.2172579310572443,1.0
92,683,683,2015-05-26,47.790001,47.82,47.290001,47.400002,40.981697,2555000,0.0073992392336806,0.7099989999999963,-0.0147578255090868,"['mu micron technology , inc . investor opinions click here -> URL trending $mu $iwm $hsbc $soxl mu pennystocks share']","[47.790001, 48.189999]","[47.82, 48.299999]","[47.290001, 48.07]","[47.400002, 48.110001]","[40.981697, 41.595554]","[2555000, 1570000]",0.7379782812319775,0.0071624182186133,0.0050410464599176,0.0014269152325329,-0.8791145412294117,-0.5915235939562886,-0.2678935063778621,-1.0815320061266556,0.0847211194893374,0.0263832530157006,0.6024640412545015,0.0383802493542784,0.1879871657784545,0.0
93,684,684,2015-05-27,47.580002,48.189999,47.5,47.810001,41.336174,2437400,0.0088711902786501,0.7099989999999963,0.0086497675675203,['rt AT_USER asian hedge funds continue to dominate hsbc rankings - $hsbc $hsba by AT_USER URL via AT_USER'],"[47.580002, 47.790001]","[48.189999, 47.82]","[47.5, 47.290001]","[47.810001, 47.400002]","[41.336174, 40.981697]","[2437400, 2555000]",0.5793910153372602,0.0090583735188882,0.0037627393082817,0.0003419832972827,-1.1224847846030126,-0.8017797480149623,-0.4157848794337616,-0.972573323693554,0.0573153897709654,0.0062512573776772,0.5901706755809702,0.0513200654078824,0.1762643470343738,0.0
94,685,685,2015-05-28,47.709999,47.77,47.459999,47.689999,41.232422,1506300,0.0087081479884372,0.7099989999999963,-0.002509976939762,['rt AT_USER asian hedge funds continue to dominate hsbc rankings - $hsbc $hsba by AT_USER URL via AT_USER'],"[47.709999, 47.580002]","[47.77, 48.189999]","[47.459999, 47.5]","[47.689999, 47.810001]","[41.232422, 41.336174]","[1506300, 2437400]",0.9407688524576544,0.0092710284296465,0.0053865599546973,8.685677556950972e-05,-0.8133340257986809,-0.8512224084353247,-0.078780112864502,-0.9603522555672148,0.0921286110611906,0.0015171299588086,0.6181839581920731,0.0527714263274721,0.1911502813848861,0.0
95,693,693,2015-06-09,47.02,47.150002,46.810001,47.0,40.63586,1817700,0.0051930336129409,0.9000020000000006,-0.0078108298039017,"['hsbc holdings plc ( adr ) to layoff 50,000 workforce worldwide - $hsbc - URL URL']","[47.02, 47.5]","[47.150002, 47.580002]","[46.810001, 47.290001]","[47.0, 47.369999]","[40.63586, 40.955753]","[1817700, 1239400]",0.9021500342465352,0.0197212853281335,0.0085868042011534,0.0028468842728907,-0.2040561850870264,-0.316338377623648,-0.1147942910446736,-0.3597862914954473,0.1607389045567026,0.0527321967584425,0.6151903051300165,0.124093994934296,0.2381888503448644,1.0
96,694,694,2015-06-10,47.389999,47.689999,47.360001,47.57,41.128674,2004700,0.0080098440123585,0.5700000000000003,0.0121276595744681,"['hsbc holdings plc ( adr ) to layoff 50,000 workforce worldwide - $hsbc - URL URL']","[47.389999, 47.02]","[47.689999, 47.150002]","[47.360001, 46.810001]","[47.57, 47.0]","[41.128674, 40.63586]","[2004700, 1817700]",0.4789647441152683,0.0175776841338614,0.0057990044364074,0.0007771115001265,-0.7348108682278032,-0.7174533681934472,-0.5094379168205377,-0.4829769393741424,0.1009710414388316,0.0143254957672146,0.5823858331574885,0.1094640059561038,0.2017865940799096,1.0
97,698,698,2015-06-16,46.459999,46.720001,46.360001,46.650002,40.333248,2513400,0.0059216346101036,0.9199979999999996,-0.0019255454888511,"['$hsbc - bank of china to help set gold price URL', '$jpm news : "" hsbc , jpmorgan eye luxembourg $hsbc $jpm "" URL analyze : URL']","[46.459999, 46.68]","[46.720001, 46.830002]","[46.360001, 46.52]","[46.650002, 46.740002]","[40.333248, 40.41106]","[2513400, 1908500]",0.2084964078188537,0.0134903851500988,0.0046390712301479,0.0028898358483561,-0.9556445124292252,-0.3080145069966549,-0.7616645593403516,-0.7178699834856546,0.0761031402451074,0.0535292061392349,0.5614196720824194,0.0815683604214743,0.193155094722059,0.0
98,699,699,2015-06-17,46.619999,46.849998,46.389999,46.709999,40.385124,2014900,0.0064752019298512,0.8199990000000028,0.0012861092696201,"['$hsbc - bank of china to help set gold price URL', '$jpm news : "" hsbc , jpmorgan eye luxembourg $hsbc $jpm "" URL analyze : URL']","[46.619999, 46.459999]","[46.849998, 46.720001]","[46.389999, 46.360001]","[46.709999, 46.650002]","[40.385124, 40.333248]","[2014900, 2513400]",0.3646579945211079,0.0134903851500988,0.0052384344482451,0.0034862004484131,-0.8415348697890912,-0.1924410565794106,-0.6160352659309014,-0.7178699834856546,0.0889529364285087,0.0645953469144628,0.573525003986963,0.0815683604214743,0.2021604119378522,1.0
99,701,701,2015-06-19,46.869999,47.110001,46.75,46.77,40.437,1597900,0.0013741455194394,0.1199980000000024,0.0014989078908156,['rt AT_USER “ AT_USER jamaica pitches hq relocation to hsbc $hsba $hsbc URL wow !'],"[46.869999, 46.630001]","[47.110001, 46.860001]","[46.75, 46.5]","[46.77, 46.700001]","[40.437, 40.376484]","[1597900, 1378000]",1.2880508136029012,0.017849505376344,0.0074539554021582,0.0035766400296681,-0.4197333699984358,-0.1749141704112309,0.2450794718351477,-0.4673556404785733,0.1364516681461784,0.0662735436714883,0.6451045568674666,0.1113191746284227,0.239787235828389,1.0
100,702,702,2015-06-22,47.419998,47.610001,47.32,47.330002,40.921169,1500400,0.0048283832148107,0.6799999999999997,0.0119735300406242,['rt AT_USER “ AT_USER jamaica pitches hq relocation to hsbc $hsba $hsbc URL wow !'],"[47.419998, 46.869999]","[47.610001, 47.110001]","[47.32, 46.75]","[47.330002, 46.77]","[40.921169, 40.437]","[1500400, 1597900]",1.1961825175814869,0.0473766458878302,0.0103110255585346,0.0022049154321135,0.1242093423637223,-0.4407497762577858,0.1594072183773411,1.229540022452991,0.1977046247551396,0.040819823749261,0.6379831114574346,0.3128406803053507,0.2973370600667965,1.0
101,704,704,2015-06-24,47.259998,47.41,47.16,47.16,40.774193,792900,0.0057042721772154,0.630001,-0.003170598115185,['$hsbc : new sec filing for hsbc : form 6 - k ( no . 00011916 38-15- 000830 ): URL'],"[47.259998, 47.32]","[47.41, 47.419998]","[47.16, 47.279999]","[47.16, 47.310001]","[40.774193, 40.903885]","[792900, 1165700]",0.9521900871696648,0.0436339235541267,0.0095042635037303,0.0015801980358133,-0.0293858850204336,-0.5618179030701256,-0.0681291815048916,1.0144494588019664,0.1804083882499224,0.0292275685222889,0.6190693093201466,0.2872967560731619,0.27900050554138,1.0
102,705,705,2015-06-25,47.080002,47.110001,46.630001,46.639999,40.324604,1068800,0.0082602627016001,0.6900029999999973,-0.0110263146734519,['$hsbc : new sec filing for hsbc : form 6 - k ( no . 00011916 38-15- 000830 ): URL'],"[47.080002, 47.259998]","[47.110001, 47.41]","[46.630001, 47.16]","[46.639999, 47.16]","[40.324604, 40.774193]","[1068800, 792900]",1.037973769741316,0.040501253983022,0.0128236165968052,0.0016491783399517,0.6025684688848378,-0.5484497525136642,0.0118688342862081,0.8344180261430072,0.2515722658768572,0.03050756695989,0.6257190877416722,0.2659164165678266,0.2934288342865615,1.0
103,721,721,2015-07-20,45.549999,45.790001,45.48,45.610001,39.434082,1418700,0.0040612638554131,1.0700000000000005,0.006621054808628,['hsbc holdings plc upgraded by hsbc to buy $hsbc URL'],"[45.549999, 45.25]","[45.790001, 45.360001]","[45.48, 45.139999]","[45.610001, 45.310001]","[39.434082, 39.174702]","[1418700, 927700]",1.464656598262685,0.0373661434806593,0.0052566905589195,0.0029188025022486,-0.8380591839242362,-0.3024008670571307,0.4097741075336371,0.6542463155704589,0.0893443306518853,0.0540667113327542,0.6587946818509252,0.2445194178081969,0.2616812854109404,1.0
104,722,722,2015-07-21,45.580002,45.689999,45.43,45.529999,39.364902,1190000,0.0052903505658759,0.9200019999999968,-0.0017540451270764,['hsbc holdings plc upgraded by hsbc to buy $hsbc URL'],"[45.580002, 45.549999]","[45.689999, 45.790001]","[45.43, 45.48]","[45.529999, 45.610001]","[39.364902, 39.434082]","[1190000, 1418700]",1.5719730308598885,0.0293916844245085,0.0127094777225952,0.0033620419565358,0.5808381628630588,-0.2165025540316227,0.5098526004612967,0.1959620133250827,0.2491252333831757,0.0622914620939639,0.6671136357168184,0.1900940664833917,0.2921560994193374,1.0
